{
    "movements": {
        "min": 1,
        "max": 5000,
        "percentiles": {}
    },
    "addresses": {
        "count": 3732772,
        "min": 1,
        "max": 643,
        "mean": 3.8908484097073166,
        "stddev": 5.120873814613262,
        "percentiles": {
            "50": 2,
            "80": 6,
            "85": 7,
            "90": 10,
            "95": 14,
            "97": 17,
            "99": 24,
            "99.9": 40,
            "99.99": 72,
            "99.999": 169
        }
    },
    "total_pop": {
        "count": 3950632,
        "min": 0,
        "max": 2207,
        "mean": 10.167291714338363,
        "stddev": 24.943886294766944,
        "percentiles": {
            "50": 2,
            "80": 11,
            "85": 17,
            "90": 27,
            "95": 49,
            "97": 69,
            "99": 116,
            "99.9": 257,
            "99.99": 523,
            "99.999": 987
        }
    },
    "pop_20_44": {
        "count": 3950632,
        "min": 0,
        "max": 615,
        "mean": 2.3991847380368507,
        "stddev": 6.5100001880156535,
        "percentiles": {
            "50": 0,
            "80": 3,
            "85": 4,
            "90": 7,
            "95": 13,
            "97": 18,
            "99": 30,
            "99.9": 67,
            "99.99": 139,
            "99.999": 273
        }
    },
    "pop_45_64": {
        "count": 3950632,
        "min": 0,
        "max": 935,
        "mean": 3.2133757333003934,
        "stddev": 8.624979108017103,
        "percentiles": {
            "50": 0,
            "80": 4,
            "85": 6,
            "90": 9,
            "95": 17,
            "97": 24,
            "99": 40,
            "99.9": 87,
            "99.99": 181,
            "99.999": 349
        }
    },
    "pop_over_64": {
        "count": 3950632,
        "min": 0,
        "max": 505,
        "mean": 1.4242189604093725,
        "stddev": 4.327152503647175,
        "percentiles": {
            "50": 0,
            "80": 1,
            "85": 2,
            "90": 4,
            "95": 8,
            "97": 11,
            "99": 21,
            "99.9": 46,
            "99.99": 83,
            "99.999": 159
        }
    },
    "pop_under_16": {
        "count": 3950632,
        "min": 0,
        "max": 519,
        "mean": 1.3949345319938684,
        "stddev": 4.645041283098736,
        "percentiles": {
            "50": 0,
            "80": 1,
            "85": 2,
            "90": 4,
            "95": 7,
            "97": 11,
            "99": 19,
            "99.9": 51,
            "99.99": 124,
            "99.999": 234
        }
    },
    "eating_places": {
        "min": 0,
        "max": 20
    },
    "health_care_and_social_assistance": {
        "min": 0,
        "max": 20
    },
    "variety_general_merchandise_stores": {
        "min": 0,
        "max": 20
    },
    "financial_services": {
        "min": 0,
        "max": 20
    },
    "maintenance_and_repair_services": {
        "min": 0,
        "max": 20
    },
    "construction_services": {
        "min": 0,
        "max": 20
    },
    "cosmetic_and_beauty_services": {
        "min": 0,
        "max": 20
    },
    "wholesale_trade": {
        "min": 0,
        "max": 20
    },
    "grocery_stores": {
        "min": 0,
        "max": 20
    },
    "religious_civic_professional_organizations": {
        "min": 0,
        "max": 20
    },
    "others": {
        "min": 0,
        "max": 100
    }
}
